dataset,rows,columns,duplicate_rows,missing_values,missing_percentage
olist_customers_dataset.csv,99441,5,0,0,0.0
olist_geolocation_dataset.csv,1000163,5,261831,0,0.0
olist_order_items_dataset.csv,112650,7,0,0,0.0
olist_order_payments_dataset.csv,103886,5,0,0,0.0
olist_order_reviews_dataset.csv,99224,7,0,145903,21.01
olist_orders_dataset.csv,99441,8,0,4908,0.62
olist_products_dataset.csv,32951,9,0,2448,0.83
olist_sellers_dataset.csv,3095,4,0,0,0.0
product_category_name_translation.csv,71,2,0,0,0.0
